{"15/sPBBPgXSvFoVnI9OM3w==":"logo-330x128.png","3F0naa9CbHkJjeV1+0FeTw==":"mbr-1920x1280.jpg","hEJTiwcSo4Jd3tDZLXsSHw==":"mbr-1920x1286.jpg","Y3fiRquNgU8uFUZrQvU9ew==":"output-649x365.jpg","4dh60Ybzd3u91yxC7T0bJg==":"synthetic-346x194.png","I+KbeTKsS5cwHwIL0Fr7BQ==":"output-1-649x365.jpg","b/p/dtcfA4SxD9nk4oTqdQ==":"realimage-640x360.jpg","THa6u6XHhXWxoaezS8HGGA==":"syntheticimage-1280x720.png","4pAucknzYKJAshdBxMXd9A==":"syntheticimage-640x360.png","pet1WkRe66SK+ZdFRekRfg==":"mbr-1920x1030.jpg","kGPGyrbgTUx0yuMqjlyJLg==":"mbr-1920x1281.jpg","yDc7C8O4QK59f9ViXwv9DA==":"mbr-1920x1168.jpg","9fv31gpXGFVWQez7tgk+gg==":"mbr-1920x1200.jpg"}